{
  "ts": "2026-07-10T23:36:45.168408+00:00",
  "coefs": {
    "rsi": 0.1318921294528786,
    "volume_ratio": 0.6518957615354054,
    "momentum_1h": 0.15489504175673524,
    "score": -0.4133236553722198,
    "btc_24h": 0.5167585772466347,
    "structure_strength": -0.461825989537343,
    "in_discount": 0.1475859482779539,
    "in_premium": -0.1427661903772375,
    "near_supply_zone": 0.5844975058421926,
    "near_demand_zone": -1.3157449252002877,
    "choch_recently": 0.0,
    "side_long": -0.33451869786059585
  },
  "intercept": -0.35739072917481435,
  "accuracy": 0.5416666666666666,
  "n_train": 71,
  "n_test": 24,
  "win_rate": 0.45263157894736844,
  "n_with_smc": 45,
  "smc_features": [
    "structure_strength",
    "in_discount",
    "in_premium",
    "near_supply_zone",
    "near_demand_zone",
    "choch_recently"
  ]
}