{
  "ts": "2026-07-07T19:59:31.836018+00:00",
  "coefs": {
    "rsi": 0.32922886970561827,
    "volume_ratio": 0.6874893391821826,
    "momentum_1h": 0.10916098619210628,
    "score": 0.20578499079192408,
    "btc_24h": -0.4366594426026677,
    "structure_strength": 0.28538773361234737,
    "in_discount": 0.36331883037522367,
    "in_premium": 0.45246224907179516,
    "near_supply_zone": 0.5906062675506543,
    "near_demand_zone": -0.6571077956755786,
    "choch_recently": 0.0,
    "side_long": 0.0
  },
  "intercept": 0.11769054567936843,
  "accuracy": 0.4117647058823529,
  "n_train": 49,
  "n_test": 17,
  "win_rate": 0.5909090909090909,
  "n_with_smc": 17,
  "smc_features": [
    "structure_strength",
    "in_discount",
    "in_premium",
    "near_supply_zone",
    "near_demand_zone",
    "choch_recently"
  ]
}