{
  "ts": "2026-07-07T15:30:00.578292+00:00",
  "coefs": {
    "rsi": 0.3722255489117618,
    "volume_ratio": 0.41160870722233633,
    "momentum_1h": 0.1694694836381405,
    "score": -0.39212943777415343,
    "btc_24h": -0.21861266438884977,
    "structure_strength": 0.7253103755481667,
    "in_discount": 0.0,
    "in_premium": -0.03158806715816425,
    "near_supply_zone": 0.1021533092810087,
    "near_demand_zone": 0.0,
    "choch_recently": 0.0,
    "side_long": 0.0
  },
  "intercept": 0.03628011613767615,
  "accuracy": 0.6153846153846154,
  "n_train": 37,
  "n_test": 13,
  "win_rate": 0.64,
  "n_with_smc": 5,
  "smc_features": [
    "structure_strength",
    "in_discount",
    "in_premium",
    "near_supply_zone",
    "near_demand_zone",
    "choch_recently"
  ]
}