{
  "ts": "2026-07-08T23:07:57.275345+00:00",
  "coefs": {
    "rsi": -0.02693294204720274,
    "volume_ratio": 0.9165819215046768,
    "momentum_1h": -0.012780046664521674,
    "score": -0.2767693709784713,
    "btc_24h": -0.3364971031874423,
    "structure_strength": -0.08044229845068854,
    "in_discount": 0.17955226838962227,
    "in_premium": 0.326667749705154,
    "near_supply_zone": 0.48118282846849925,
    "near_demand_zone": -0.5716587644101526,
    "choch_recently": 0.0,
    "side_long": 0.0
  },
  "intercept": 0.10020772214861148,
  "accuracy": 0.5263157894736842,
  "n_train": 54,
  "n_test": 19,
  "win_rate": 0.5616438356164384,
  "n_with_smc": 24,
  "smc_features": [
    "structure_strength",
    "in_discount",
    "in_premium",
    "near_supply_zone",
    "near_demand_zone",
    "choch_recently"
  ]
}