{
  "ts": "2026-07-09T13:44:55.818696+00:00",
  "coefs": {
    "rsi": -0.026932942047202608,
    "volume_ratio": 0.9165819215046768,
    "momentum_1h": -0.012780046664521538,
    "score": -0.27676937097847126,
    "btc_24h": -0.33649710318744236,
    "structure_strength": -0.0804422984506885,
    "in_discount": 0.17955226838962257,
    "in_premium": 0.32666774970515405,
    "near_supply_zone": 0.48118282846849925,
    "near_demand_zone": -0.5716587644101527,
    "choch_recently": 0.0,
    "side_long": 0.0
  },
  "intercept": 0.10020772214861157,
  "accuracy": 0.5263157894736842,
  "n_train": 54,
  "n_test": 19,
  "win_rate": 0.5616438356164384,
  "n_with_smc": 24,
  "smc_features": [
    "structure_strength",
    "in_discount",
    "in_premium",
    "near_supply_zone",
    "near_demand_zone",
    "choch_recently"
  ]
}