{
  "ts": "2026-07-17T12:03:22.063533+00:00",
  "coefs": {
    "rsi": 0.1318921294528785,
    "volume_ratio": 0.6518957615354052,
    "momentum_1h": 0.15489504175673519,
    "score": -0.41332365537221966,
    "btc_24h": 0.5167585772466347,
    "structure_strength": -0.46182598953734294,
    "in_discount": 0.14758594827795368,
    "in_premium": -0.14276619037723765,
    "near_supply_zone": 0.5844975058421925,
    "near_demand_zone": -1.3157449252002877,
    "choch_recently": 0.0,
    "side_long": -0.3345186978605958
  },
  "intercept": -0.3573907291748143,
  "accuracy": 0.5416666666666666,
  "n_train": 71,
  "n_test": 24,
  "win_rate": 0.45263157894736844,
  "n_with_smc": 45,
  "smc_features": [
    "structure_strength",
    "in_discount",
    "in_premium",
    "near_supply_zone",
    "near_demand_zone",
    "choch_recently"
  ]
}