{
  "ts": "2026-07-07T13:12:53.792052+00:00",
  "coefs": {
    "rsi": -0.11324049833624775,
    "volume_ratio": 0.7551301186102524,
    "momentum_1h": 0.18702370497701892,
    "score": -0.6053958696849575,
    "btc_24h": -0.08048053249504117,
    "structure_strength": 0.0,
    "in_discount": 0.0,
    "in_premium": 0.0,
    "near_supply_zone": 0.0,
    "near_demand_zone": 0.0,
    "choch_recently": 0.0,
    "side_long": 0.0
  },
  "intercept": 0.18347917700663113,
  "accuracy": 0.42857142857142855,
  "n_train": 20,
  "n_test": 7,
  "win_rate": 0.6666666666666666,
  "n_with_smc": 0,
  "smc_features": [
    "structure_strength",
    "in_discount",
    "in_premium",
    "near_supply_zone",
    "near_demand_zone",
    "choch_recently"
  ]
}