{
  "ts": "2026-07-07T19:00:50.095381+00:00",
  "coefs": {
    "rsi": 0.24589366195110285,
    "volume_ratio": 0.9861383726765894,
    "momentum_1h": 0.10967385782980477,
    "score": -0.07761147089264263,
    "btc_24h": -0.06895920530519266,
    "structure_strength": 0.5619231752316619,
    "in_discount": 0.5744487809312,
    "in_premium": -0.3783457367934318,
    "near_supply_zone": 0.22659109285950396,
    "near_demand_zone": 0.22659109285950396,
    "choch_recently": 0.0,
    "side_long": 0.0
  },
  "intercept": 0.21835166375699203,
  "accuracy": 0.4666666666666667,
  "n_train": 44,
  "n_test": 15,
  "win_rate": 0.6101694915254238,
  "n_with_smc": 10,
  "smc_features": [
    "structure_strength",
    "in_discount",
    "in_premium",
    "near_supply_zone",
    "near_demand_zone",
    "choch_recently"
  ]
}